platform,post_date,country,client_location,sector,lodgement_date,grant_date,reported_days,computed_calendar_days,consistency_flag,case_notes,source_url
Reddit,2026-03-19,,Outside Australia,Higher Education,2026-02-27,2026-03-18,,19,Computed only,Bachelor of Biomedical Science; medical completed before lodgement,https://www.reddit.com/r/AusVisa/comments/1rxwoak/subclass_500_granted/
Reddit,2026-04-09,India,Outside Australia,Postgraduate Research,2026-03-21,2026-04-09,19,19,Consistent,PhD; Go8; university-funded scholarship; upfront medical; no s56,https://www.reddit.com/r/AusVisa/comments/1sgj23u/visa_granted_subclass_500_postgraduate_research/
Reddit,2026-04-23,Philippines,Outside Australia,,2026-03-30,2026-04-23,23,24,Off by one likely inclusive counting,Biometrics and medical on 2026-04-01,https://www.reddit.com/r/AusVisa/comments/1stbibf/visa_subclass_500_from_the_philippines/
Reddit,2026-05-12,Philippines,Outside Australia,,2026-04-10,2026-05-12,23,32,Material inconsistency,Post reports 23 days but stated dates are 32 calendar days apart,https://www.reddit.com/r/AusVisa/comments/1tasyhp/finally_i_received_my_visa_today/
Reddit,2026-06-09,Germany,Outside Australia,Vocational Education and Training,2026-05-21,2026-06-09,19,19,Consistent,Medical cleared 2026-06-02,https://www.reddit.com/r/AusVisa/comments/1u17h7k/student_visa_granted/
Reddit,2026-06-11,India,Outside Australia,Higher Education,2026-05-29,2026-06-11,13,13,Consistent,Master of IT at Macquarie University,https://www.reddit.com/r/AusVisa/comments/1u2vs3z/student_visa_granted/
Reddit,2026-06-12,India,Outside Australia,Higher Education,2026-03-12,2026-06-12,93,92,Off by one likely inclusive counting,HAP ID mismatch reportedly resolved 2026-04-13,https://www.reddit.com/r/AusVisa/comments/1u46j2y/visa_granted/
Reddit,2026-08-31,India,Outside Australia,,2026-08-21,2026-08-31,10,10,Consistent,Subclass 500 grant post; sector not confirmed in indexed snippet,https://www.reddit.com/r/AusVisa/comments/1wfwn4i/subclass_500_student_visa_granted_indian/
VisaClarity Australia,2026-02-05,,Outside Australia,,2026-01-10,2026-02-05,26,26,Consistent,Public tracker example; may be demo data,https://visaclarityaustralia.com.au/tools/timeline-tracker
