source_id,category,publisher,title,reference_date,retrieved_date,authority_tier,data_type,used_in_files,reproducibility,limitations,url
OFF-CURRENT,official_current,Australian Department of Home Affairs,Global visa processing times,2026-09-04,2026-09-24,A,Interactive guide,01;07,High,Recently decided applications only; not a guarantee,https://immi.homeaffairs.gov.au/visas/getting-a-visa/visa-processing-times/global-visa-processing-times
OFF-OVERVIEW,official_current,Australian Department of Home Affairs,Visa processing times overview,2026-07,2026-09-24,A,HTML table,README;manifest,High,Category median combines streams; July 2026 student median was 21 days,https://immi.homeaffairs.gov.au/visas/getting-a-visa/visa-processing-times
OFF-PRIORITY,official_policy,Australian Department of Home Affairs,Student visa processing priorities,2026-09-24,2026-09-24,A,HTML policy,06,High,Start-processing targets are not decision deadlines,https://immi.homeaffairs.gov.au/visas/getting-a-visa/visa-processing-times/visa-processing-priorities/student-visa
OFF-MD115,official_policy,Australian Department of Home Affairs,Ministerial Direction 115,2025-11-14,2026-09-24,A,PDF legal direction,06,High,Applies to offshore subclass 500 lodged on or after 2025-11-14,https://immi.homeaffairs.gov.au/support-subsite/files/ministerial-direction-115.pdf
OFF-EDU-STATUS,official_policy,Australian Department of Education,Visa Prioritisation Status,2026-09-18,2026-09-24,A,Weekly provider status documents,06;source_catalog,Medium-High,Provider status changes weekly; application priority is fixed at lodgement,https://www.education.gov.au/managed-system-international-education/resources/visa-prioritisation-status
OFF-BR0097-DEC25,official_statistics,Australian Department of Home Affairs,Student visa and Temporary Graduate visa program report at 31 December 2025,2025-12-31,2026-09-24,A,PDF statistical report,03;04,High,Granted primary applications only; current FY provisional; dynamic source revisions possible,https://www.homeaffairs.gov.au/research-and-stats/files/student-temporary-grad-program-report-dec-2025.pdf
OFF-STUDY-INDEX,official_statistics,Australian Department of Home Affairs,Study visa statistics index,2026-02-04,2026-09-24,A,HTML report index,sources,High,Links biannual reports back to 2012 and pivot tables,https://www.homeaffairs.gov.au/research-and-statistics/statistics/visa-statistics/study
OFF-DATA-GOV,official_dataset,Australian Department of Home Affairs,Student visa program dataset,2026-02-28,2026-09-24,A,XLSX/CSV metadata,sources,Medium-High,Contains lodgements grants and grant rates rather than direct waiting times,https://data.gov.au/data/dataset/324aa4f7-46bb-4d56-bc2d-772333a2317e
OFF-FOI-PGR,official_foi,Australian Department of Home Affairs,DA25/01/00017 postgraduate research processing times by citizenship,2024-12-31,2026-09-24,A,PDF table,05,High,Postgraduate Research only; decided applications in calendar 2024,https://www.homeaffairs.gov.au/foi/files/data-request-2025/da-250100017-document-released.PDF
OFF-QTR-2223Q4,official_statistics,Australian Department of Home Affairs,Migration and Temporary visa processing times 2022-23 Q4,2023-06-30,2026-09-24,A,PDF quarterly report,02,High,Aggregate student category; flow rate is not grant rate,https://immi.homeaffairs.gov.au/Visa-subsite/Pages/Processing-times/Reports/migration-temporary-visa-program-quarterly-report-processing-times-2223-q4.pdf
OFF-QTR-2324Q1,official_statistics,Australian Department of Home Affairs,Migration and Temporary visa processing times 2023-24 Q1,2023-09-30,2026-09-24,A,PDF quarterly report,02,High,Aggregate student category; flow rate is not grant rate,https://immi.homeaffairs.gov.au/Visa-subsite/Pages/Processing-times/Reports/migration-temporary-visa-program-quarterly-report-processing-times-2324-q1.pdf
OFF-QTR-2324Q2,official_statistics,Australian Department of Home Affairs,Migration and Temporary visa processing times 2023-24 Q2,2023-12-31,2026-09-24,A,PDF quarterly report,02,High,Aggregate student category; flow rate is not grant rate,https://immi.homeaffairs.gov.au/Visa-subsite/files/migration-temporary-visa-program-quarterly-report-processing-times-2324-q2.pdf
OFF-QTR-2324Q3,official_statistics,Australian Department of Home Affairs,Migration and Temporary visa processing times 2023-24 Q3,2024-03-31,2026-09-24,A,PDF quarterly report,02,High,Aggregate student category; flow rate is not grant rate,https://immi.homeaffairs.gov.au/Visa-subsite/files/migration-temporary-visa-program-quarterly-report-processing-times-2324-q3.pdf
OFF-QTR-2324Q4,official_statistics,Australian Department of Home Affairs,Migration and Temporary visa processing times 2023-24 Q4,2024-06-30,2026-09-24,A,PDF quarterly report,02,High,Aggregate student category; flow rate is not grant rate,https://immi.homeaffairs.gov.au/Visa-subsite/files/migration-temporary-visa-program-quarterly-report-processing-times-2324-q4.pdf
OFF-QTR-2425Q1,official_statistics,Australian Department of Home Affairs,Migration and Temporary visa processing times 2024-25 Q1,2024-09-30,2026-09-24,A,PDF quarterly report,02,High,Aggregate student category; flow rate is not grant rate,https://immi.homeaffairs.gov.au/Visa-subsite/files/migration-temporary-visa-proogram-quarterly-report-processing-times-2425-q1.pdf
OFF-QTR-2425Q2,official_statistics,Australian Department of Home Affairs,Migration and Temporary visa processing times 2024-25 Q2,2024-12-31,2026-09-24,A,PDF quarterly report,02,High,Aggregate student category; flow rate is not grant rate,https://immi.homeaffairs.gov.au/Visa-subsite/files/migration-temporary-visa-proogram-quarterly-report-processing-times-2425-q2.pdf
OFF-QTR-2425Q3,official_statistics,Australian Department of Home Affairs,Migration and Temporary visa processing times 2024-25 Q3,2025-03-31,2026-09-24,A,PDF quarterly report,02,High,Aggregate student category; flow rate is not grant rate,https://immi.homeaffairs.gov.au/Visa-subsite/files/migration-temporary-visa-proogram-quarterly-report-processing-times-2425-q3.pdf
OFF-QTR-2425Q4,official_statistics,Australian Department of Home Affairs,Migration and Temporary visa processing times 2024-25 Q4,2025-06-30,2026-09-24,A,PDF quarterly report,02,High,Aggregate student category; flow rate is not grant rate,https://immi.homeaffairs.gov.au/Visa-subsite/files/migration-temporary-visa-proogram-quarterly-report-processing-times-2425-q4.pdf
PLAT-ONEU,third_party_republisher,One U Education,Visa Processing Times,2026-09-23,2026-09-24,B,Live table,07,High,Claims official feed; commercial provider and not the controlling source,https://www.oneuedu.com/en-US/visa/processing-time
PLAT-WIDEN,third_party_republisher,WIDEN,Student 500 processing time,2026-09-04,2026-09-24,B,Monthly table/archive,07,High,Registered migration-agent site republishing official values,https://www.widen.com.au/processing-times/500/
PLAT-MIGRATIO,third_party_republisher,Migratio,500 Visa Processing Time,2026-06-30,2026-09-24,B,Historical snapshot,07,High,Older snapshot and not current as of collection,https://migratio.com.au/processing-times/500-student-visa
PLAT-VISACLARITY,crowdsourced,VisaClarity Australia,Visa Application Timeline Tracker,2026-02-05,2026-09-24,C,Crowdsourced summary,07;08,Medium,Unknown sample size; visible entries may be examples,https://visaclarityaustralia.com.au/tools/timeline-tracker
PLAT-WAITVISA,third_party_republisher,WaitVisa,Student visa subclass 500,2026-09-24,2026-09-24,C,Range summary,07,Medium,Collapses seven streams into one range,https://waitvisa.com/australia/student-visa-500
PLAT-TERN,estimator,Tern,Visa Time Checker,2026-09,2026-09-24,B-C,Personalised estimator and FOI interface,07,Medium,Estimate depends on inputs and disclosed method is incomplete,https://ternvisa.com/en/tools/processing-times/500/42
PLAT-VISATRACKER,crowdsourced,VisaTracker Australia,Community visa tracker,2026-07,2026-09-24,C,Community database,07,Low-Medium,No reproducible public subclass summary captured,https://visatracker.com.au/
PLAT-VISAFOLD,crowdsourced,Visafold,Application tracker and community,2026-09-24,2026-09-24,C,Individual timelines,07,Low-Medium,Includes censored in-progress cases; user-entered data,https://www.visafold.com.au/
PLAT-AUSVISATIME,estimator,AusVisaTime,Student 500 Processing Time Calculator,2026-09-08,2026-09-24,C,Calculator,07,Low-Medium,Method and sample not sufficiently disclosed in public page snippet,https://www.ausvisatime.com/student-500
PLAT-AUVISATRACKER,third_party_aggregator,Australian Visa Tracker,Australian visa processing times,2026-09-24,2026-09-24,C,Range aggregator,07,Medium,Public summary is range only; verify stream values with Home Affairs,https://australianvisatracker.com/
COMM-REDDIT,community,Reddit r/AusVisa,Public subclass 500 self-reported cases,2026,2026-09-24,D,Individual posts,08,Medium for stated dates; low for inference,Selection bias duplicates and date inconsistencies; never treat as population statistic,https://www.reddit.com/r/AusVisa/
PLAT-VISADASHBOARD,crowdsourced,VisaDashboard,AU-500 visa public submission table,2026-09-24,2026-09-24,C,Public paginated JSON API,11,High for reproducible snapshot; low for population inference,Self-reported selected cases; changing live table; personal and free-text fields intentionally excluded,https://www.visadashboard.top/dashboard/table
GH-VISADASHBOARD,github_reference,Frank-Fan-AU,Visa Dashboard source repository,2026-09-24,2026-09-24,C,GitHub repository,09;11,High for API lineage,Repository README describes community tracking and table code calls the public read API; no license file found,https://github.com/Frank-Fan-AU/visa-dashboard
GH-AUSSIE-COMPASS,github_reference,AnikSiwach,Aussie Visa Compass,2026-01,2026-09-24,C,GitHub repository,09,High for repository inspection,Country/sector aggregates from BP0015 are contextual features not individual waiting-time labels; no license file found,https://github.com/AnikSiwach/Aussie_Visa_Compass
GH-STUDENT-VISA-FORECAST,github_reference,varun-2901,Population student visa analysis,2026-08,2026-09-24,C,GitHub repository,09,High for repository inspection,Annual grant-volume forecasts do not estimate individual subclass 500 processing time,https://github.com/varun-2901/population-student-visa-analysis
GH-VISA-SIM,github_reference,FernandoCarballido,Australian visa forecast,2026,2026-09-24,C,GitHub repository,09,High for repository inspection,Subclass 186 scenario simulator; method reference only and not a subclass 500 dataset,https://github.com/FernandoCarballido/australian-visa-forecast
